record - object_number,record - Title - title,record - Production - creator - name,record - Production - creator - birth.date.start,record - Production - creator - death.date.start,record - Dimension - dimension.unit - term,record - Dimension - dimension.type - term,record - Dimension - dimension.value,record - Material - material - term,record - institution.name - name,record - Object_name - object_name - term,record - Production - creator.date_of_birth,record - production.period - linkreffield,record - production.period - term,record - Production_date - production.date.start,record - Production_date - production.date.end,IRL,Rights
MID.B.295,Double vertical cube,Amador Rodríguez Menéndez,1926,2001-06-10,cm,hoogte,220,staal (materiaal),Middelheimmuseum (Antwerpen),sculpture,1926,production.period.lref,20ste eeuw (derde kwart),1972,1972,http://middelheimmuseum.be/collection/work/id/MID_B_295,https://creativecommons.org/publicdomain/zero/1.0/
,,,,,cm,breedte,100,paint (coating),,beeldhouwwerk,,,,,,,https://creativecommons.org/publicdomain/zero/1.0/
,Double cube verticale,,,,cm,diepte,100,verf,,,,,,,,,https://creativecommons.org/publicdomain/zero/1.0/
,Vertikaal dubbele kubus,,,,,,,,,,,,,,,,https://creativecommons.org/publicdomain/zero/1.0/
MID.B.494.A,74 WEATHERING WAY,Carl Andre,1935-09-16,,cm,hoogte,50,staal (materiaal),Middelheimmuseum (Antwerpen),vloersculptuur,1935-09-16,production.period.lref,21ste eeuw (eerste kwart),2001,2001,http://middelheimmuseum.be/collection/work/id/MID_B_494_A,https://creativecommons.org/publicdomain/zero/1.0/
,,,,,cm,breedte,50,,,,,,,,,,https://creativecommons.org/publicdomain/zero/1.0/
,,,,,cm,thickness,0.5,,,,,,,,,,https://creativecommons.org/publicdomain/zero/1.0/
,,,,,,dikte,,,,,,,,,,,https://creativecommons.org/publicdomain/zero/1.0/
,,,,,cm,lengte,1850,,,,,,,,,,https://creativecommons.org/publicdomain/zero/1.0/
,,,,,cm,breedte,100,,,,,,,,,,https://creativecommons.org/publicdomain/zero/1.0/
,,,,,cm,thickness,0.5,,,,,,,,,,https://creativecommons.org/publicdomain/zero/1.0/
,,,,,,dikte,,,,,,,,,,,https://creativecommons.org/publicdomain/zero/1.0/
MID.B.163,Two seated figures,Kenneth Armitage,1916-07-18,2002-01-22,cm,hoogte,104,bronze,Middelheimmuseum (Antwerpen),sculpture,1916-07-18,production.period.lref,20ste eeuw (derde kwart),1957,1957,http://middelheimmuseum.be/collection/work/id/MID_B_163,https://creativecommons.org/publicdomain/zero/1.0/
,,,,,cm,breedte,140,brons,,beeldhouwwerk,,,,,,,https://creativecommons.org/publicdomain/zero/1.0/
,Deux figures assises,,,,cm,diepte,99,,,,,,,,,,https://creativecommons.org/publicdomain/zero/1.0/
,Twee zittende figuren,,,,,,,,,,,,,,,,https://creativecommons.org/publicdomain/zero/1.0/
MID.B.468,Fragment,Joachim Bandau,1936-04-18,,cm,hoogte,270,Gusseisen,Middelheimmuseum (Antwerpen),sculpture,1936-04-18,production.period.lref,20ste eeuw (vierde kwart),1991,1992,http://middelheimmuseum.be/collection/work/id/MID_B_468,https://creativecommons.org/publicdomain/zero/1.0/
,,,,,cm,breedte,150,cast iron,,beeldhouwwerk,,,,,,,https://creativecommons.org/publicdomain/zero/1.0/
,,,,,cm,diepte,80,fonte,,,,,,,,,https://creativecommons.org/publicdomain/zero/1.0/
,,,,,,,,ghisa,,,,,,,,,https://creativecommons.org/publicdomain/zero/1.0/
,,,,,,,,gietijzer,,,,,,,,,https://creativecommons.org/publicdomain/zero/1.0/
,,,,,,,,hierro fundido,,,,,,,,,https://creativecommons.org/publicdomain/zero/1.0/
MID.B.480.A,Romeinse straat,Guillaume Bijl,1946,,cm,hoogte,,rock (inorganic material),Middelheimmuseum (Antwerpen),installatie,1946,production.period.lref,20ste eeuw (vierde kwart),1994,1994,http://middelheimmuseum.be/collection/work/id/MID_B_480_A,https://creativecommons.org/publicdomain/zero/1.0/
,,,,,cm,breedte,,gesteente (materiaal),,,,,,,,,https://creativecommons.org/publicdomain/zero/1.0/
,,,,,cm,lengte,,mixed media,,,,,,,,,https://creativecommons.org/publicdomain/zero/1.0/
,,,,,,,,gemengde media,,,,,,,,,https://creativecommons.org/publicdomain/zero/1.0/
MID.B.102,Endless Loop,Max Bill,1908-12-22,1994-12-09,cm,hoogte,117,bronze,Middelheimmuseum (Antwerpen),sculpture,1908-12-22,production.period.lref,20ste eeuw (tweede kwart),1935,1953,http://middelheimmuseum.be/collection/work/id/MID_B_102,https://creativecommons.org/publicdomain/zero/1.0/
,,,,,cm,breedte,108,brons,,beeldhouwwerk,,production.period.lref,20ste eeuw (derde kwart),,,,https://creativecommons.org/publicdomain/zero/1.0/
,Ruban sans fin,,,,cm,diepte,105,,,,,,,,,,https://creativecommons.org/publicdomain/zero/1.0/
,Eindeloze kronkel,,,,cm,hoogte,62,,,,,,,,,,https://creativecommons.org/publicdomain/zero/1.0/
,,,,,cm,breedte,210,,,,,,,,,,https://creativecommons.org/publicdomain/zero/1.0/
,,,,,cm,diepte,110,,,,,,,,,,https://creativecommons.org/publicdomain/zero/1.0/
MID.B.117,Plastik,Walter Bodmer,1903,1973,cm,hoogte,139,iron,Middelheimmuseum (Antwerpen),rondsculptuur,1903,production.period.lref,20ste eeuw (derde kwart),1956,1956,http://middelheimmuseum.be/collection/work/id/MID_B_117,https://creativecommons.org/publicdomain/zero/1.0/
,,,,,cm,breedte,107,ijzer,,,,,,,,,https://creativecommons.org/publicdomain/zero/1.0/
,Sculpture,,,,cm,diepte,105,paint (coating),,,,,,,,,https://creativecommons.org/publicdomain/zero/1.0/
,Plastik,,,,,,,verf,,,,,,,,,https://creativecommons.org/publicdomain/zero/1.0/
,Plastiek,,,,,,,,,,,,,,,,https://creativecommons.org/publicdomain/zero/1.0/
MID.B.525,Beam Drop Antwerp,Chris Burden,1946-04-11,,m,hoogte,15.4,staal (materiaal),Middelheimmuseum (Antwerpen),installatie,1946-04-11,production.period.lref,21ste eeuw (eerste kwart),2009-05-30,2009,http://middelheimmuseum.be/collection/work/id/MID_B_525,https://creativecommons.org/publicdomain/zero/1.0/
,,,,,m,,,,,,,,,,,,https://creativecommons.org/publicdomain/zero/1.0/
,,,,,m,breedte,13,,,,,,,,,,https://creativecommons.org/publicdomain/zero/1.0/
,,,,,m,,,,,,,,,,,,https://creativecommons.org/publicdomain/zero/1.0/
,,,,,m,diepte,23.2,,,,,,,,,,https://creativecommons.org/publicdomain/zero/1.0/
,,,,,m,,,,,,,,,,,,https://creativecommons.org/publicdomain/zero/1.0/
MID.B.218,Rotation,Nino Cassani,1930-05-15,,cm,hoogte,112,rock (inorganic material),Middelheimmuseum (Antwerpen),sculpture,1930-05-15,production.period.lref,20ste eeuw (derde kwart),1965,1965,http://middelheimmuseum.be/collection/work/id/MID_B_218,https://creativecommons.org/publicdomain/zero/1.0/
,Rotatie,,,,cm,breedte,123,gesteente (materiaal),,beeldhouwwerk,,,,,,,https://creativecommons.org/publicdomain/zero/1.0/
,,,,,cm,diepte,46,,,,,,,,,,https://creativecommons.org/publicdomain/zero/1.0/
MID.B.296,Open Rhytms,Nino Cassani,1930-05-15,,cm,hoogte,66,rock (inorganic material),Middelheimmuseum (Antwerpen),sculpture,1930-05-15,production.period.lref,20ste eeuw (derde kwart),1972,1972,http://middelheimmuseum.be/collection/work/id/MID_B_296,https://creativecommons.org/publicdomain/zero/1.0/
,,,,,cm,breedte,153,gesteente (materiaal),,beeldhouwwerk,,,,,,,https://creativecommons.org/publicdomain/zero/1.0/
,Rythmes ouverts,,,,cm,diepte,38,,,,,,,,,,https://creativecommons.org/publicdomain/zero/1.0/
,Open ritmen,,,,,,,,,,,,,,,,https://creativecommons.org/publicdomain/zero/1.0/
MID.B.267,Mediterranean,Martín Chirino,1925-03-01,,cm,hoogte,130,iron,Middelheimmuseum (Antwerpen),sculpture,1925-03-01,production.period.lref,20ste eeuw (derde kwart),1969,1969,http://middelheimmuseum.be/collection/work/id/MID_B_267,https://creativecommons.org/publicdomain/zero/1.0/
,,,,,cm,breedte,425,ijzer,,beeldhouwwerk,,,,,,,https://creativecommons.org/publicdomain/zero/1.0/
,,,,,cm,diepte,98,paint (coating),,,,,,,,,https://creativecommons.org/publicdomain/zero/1.0/
,,,,,,,,verf,,,,,,,,,https://creativecommons.org/publicdomain/zero/1.0/
MID.B.491,Envelope,Tony Cragg,1949-04-09,,cm,lengte,238,bronze,Middelheimmuseum (Antwerpen),sculpture,1949-04-09,production.period.lref,20ste eeuw (vierde kwart),1996,1996,http://middelheimmuseum.be/collection/work/id/MID_B_491,https://creativecommons.org/publicdomain/zero/1.0/
,,,,,cm,diameter,150,brons,,beeldhouwwerk,,,,,,,https://creativecommons.org/publicdomain/zero/1.0/
,,,,,,diameter,,,,,,,,,,,https://creativecommons.org/publicdomain/zero/1.0/
MID.B.470.A,Never Mind,Richard Deacon,1949-08-15,,cm,hoogte,310,beukenhout,Middelheimmuseum (Antwerpen),rondsculptuur,1949-08-15,production.period.lref,20ste eeuw (vierde kwart),1993,2017,http://middelheimmuseum.be/collection/work/id/MID_B_470_A,https://creativecommons.org/publicdomain/zero/1.0/
,,,,,cm,breedte,300,steel (alloy),,,,,,,,,https://creativecommons.org/publicdomain/zero/1.0/
,,,,,cm,lengte,765,staal,,,,,,,,,https://creativecommons.org/publicdomain/zero/1.0/
,,,,,,,,roestvrij staal,,,,,,,,,https://creativecommons.org/publicdomain/zero/1.0/
MID.LB.BK.02219,The Family Desmet in Heaven,Etienne Desmet,1943-12-21,,cm,hoogte,150,marble,Ministerie van de Vlaamse Gemeenschap (Brussel),sculpture,1943-12-21,production.period.lref,20ste eeuw (derde kwart),1972,,http://middelheimmuseum.be/collection/work/id/MID_LB_BK_02219,https://creativecommons.org/publicdomain/zero/1.0/
,,,,,cm,breedte,130,marmer,,beeldhouwwerk,,,,,,,https://creativecommons.org/publicdomain/zero/1.0/
,La Famille Desmet au Ciel,,,,cm,diepte,100,,,,,,,,,,https://creativecommons.org/publicdomain/zero/1.0/
,De familie Desmet in den Hemel,,,,,,,,,,,,,,,,https://creativecommons.org/publicdomain/zero/1.0/
MID.B.004.old,Assia,Charles Despiau,1874-11-04,1946-10-28,cm,hoogte,190,bronze,Middelheimmuseum (Antwerpen),standbeeld,1874-11-04,production.period.lref,20ste eeuw (tweede kwart),1937,1937,http://middelheimmuseum.be/collection/work/id/MID_B_004_old,https://creativecommons.org/publicdomain/zero/1.0/
,,,,,cm,breedte,55,brons,,,,,,,,,https://creativecommons.org/publicdomain/zero/1.0/
,,,,,cm,diepte,45,,,,,,,,,,https://creativecommons.org/publicdomain/zero/1.0/
MID.B.004,Assia,Charles Despiau,1874-11-04,1946-10-28,cm,hoogte,190,bronze,Middelheimmuseum (Antwerpen),rondsculptuur,1874-11-04,production.period.lref,20ste eeuw (tweede kwart),1937,1937,http://middelheimmuseum.be/collection/work/id/MID_B_004,https://creativecommons.org/publicdomain/zero/1.0/
,Wind & de Wilgen,Lawrence Weiner,1942-02-10,,cm,breedte,55,brons,,muurschildering,1942-02-10,production.period.lref,20ste eeuw (vierde kwart),1995,1995,,https://creativecommons.org/publicdomain/zero/1.0/
,"IJZER & GOUD IN DE LUCHT
STUIFMEEL & ROOK OP DE GROND
IRON & GOLD IN THE AIR
DUST & SMOKE ON THE GROUND",,,,cm,diepte,45,LANGUAGE & THE MATERIALS REFERRED TO,Middelheimmuseum (Antwerpen),,,,,,,,https://creativecommons.org/publicdomain/zero/1.0/
,,,,,cm,hoogte,276,,,,,,,,,,https://creativecommons.org/publicdomain/zero/1.0/
MID.B.061,Fountain,Arthur Dupon,1890-08-16,1972-09-05,cm,hoogte,97,bronze,Middelheimmuseum (Antwerpen),rondsculptuur,1890-08-16,production.period.lref,20ste eeuw (tweede kwart),1930,1930,http://middelheimmuseum.be/collection/work/id/MID_B_061,https://creativecommons.org/publicdomain/zero/1.0/
,,,,,cm,breedte,56,brons,,,,,,,,,https://creativecommons.org/publicdomain/zero/1.0/
,Fontaine,,,,cm,diepte,27,,,,,,,,,,https://creativecommons.org/publicdomain/zero/1.0/
,Fonteinmotief,,,,,,,,,,,,,,,,https://creativecommons.org/publicdomain/zero/1.0/
MID.B.149,Big Insect,Agenore Fabbri,1911-05-20,1998,cm,hoogte,110,bronze,Middelheimmuseum (Antwerpen),rondsculptuur,1911-05-20,production.period.lref,20ste eeuw (derde kwart),1957,1957,http://middelheimmuseum.be/collection/work/id/MID_B_149,https://creativecommons.org/publicdomain/zero/1.0/
,,,,,cm,breedte,43,brons,,,,,,,,,https://creativecommons.org/publicdomain/zero/1.0/
,Grand insecte,,,,cm,diepte,74,,,,,,,,,,https://creativecommons.org/publicdomain/zero/1.0/
,Groot insekt,,,,,,,,,,,,,,,,https://creativecommons.org/publicdomain/zero/1.0/
MID.B.481,The bathers,Luciano Fabro,1936-11-20,2007-06-22,cm,hoogte,200,marble,Middelheimmuseum (Antwerpen),beeldengroep,1936-11-20,production.period.lref,20ste eeuw (vierde kwart),1994,1994,http://middelheimmuseum.be/collection/work/id/MID_B_481,https://creativecommons.org/publicdomain/zero/1.0/
,Les Baigneuses,,,,cm,breedte,60,marmer,,,,,,,,,https://creativecommons.org/publicdomain/zero/1.0/
,De Badenden,,,,cm,diepte,10,,,,,,,,,,https://creativecommons.org/publicdomain/zero/1.0/
,,,,,cm,hoogte,210,,,,,,,,,,https://creativecommons.org/publicdomain/zero/1.0/
,,,,,cm,breedte,59,,,,,,,,,,https://creativecommons.org/publicdomain/zero/1.0/
,,,,,cm,diepte,25,,,,,,,,,,https://creativecommons.org/publicdomain/zero/1.0/
,,,,,cm,hoogte,180,,,,,,,,,,https://creativecommons.org/publicdomain/zero/1.0/
,,,,,cm,breedte,55,,,,,,,,,,https://creativecommons.org/publicdomain/zero/1.0/
,,,,,cm,diepte,19,,,,,,,,,,https://creativecommons.org/publicdomain/zero/1.0/
,,,,,cm,hoogte,158,,,,,,,,,,https://creativecommons.org/publicdomain/zero/1.0/
,,,,,cm,breedte,44,,,,,,,,,,https://creativecommons.org/publicdomain/zero/1.0/
,,,,,cm,diepte,19,,,,,,,,,,https://creativecommons.org/publicdomain/zero/1.0/
,,,,,cm,hoogte,147,,,,,,,,,,https://creativecommons.org/publicdomain/zero/1.0/
,,,,,cm,breedte,40,,,,,,,,,,https://creativecommons.org/publicdomain/zero/1.0/
,,,,,cm,diepte,19,,,,,,,,,,https://creativecommons.org/publicdomain/zero/1.0/
MID.B.482,Nudini,Luciano Fabro,1936-11-20,2007-06-22,cm,hoogte,80,marble,Middelheimmuseum (Antwerpen),installatie,1936-11-20,production.period.lref,20ste eeuw (vierde kwart),1994,1994,http://middelheimmuseum.be/collection/work/id/MID_B_482,https://creativecommons.org/publicdomain/zero/1.0/
,,,,,cm,breedte,18,marmer,,,,,,,,,https://creativecommons.org/publicdomain/zero/1.0/
,,,,,cm,diepte,6,,,,,,,,,,https://creativecommons.org/publicdomain/zero/1.0/
,,,,,cm,hoogte,70,,,,,,,,,,https://creativecommons.org/publicdomain/zero/1.0/
,,,,,cm,breedte,16,,,,,,,,,,https://creativecommons.org/publicdomain/zero/1.0/
,,,,,cm,diepte,5,,,,,,,,,,https://creativecommons.org/publicdomain/zero/1.0/
MID.B.156,Bending Figure,Ernesto de Fiori,1884,1945,cm,hoogte,70,bronze,Middelheimmuseum (Antwerpen),sculpture,1884,production.period.lref,20ste eeuw (tweede kwart),1940,1940,http://middelheimmuseum.be/collection/work/id/MID_B_156,https://creativecommons.org/publicdomain/zero/1.0/
,,,,,cm,breedte,86,brons,,beeldhouwwerk,,,,,,,https://creativecommons.org/publicdomain/zero/1.0/
,Figure inclinée,,,,cm,diepte,50,,,,,,,,,,https://creativecommons.org/publicdomain/zero/1.0/
,Overbuigende figuur,,,,,,,,,,,,,,,,https://creativecommons.org/publicdomain/zero/1.0/
MID.B.606,Pièce à conviction,Michel François,1956,,cm,,243,rubber (material),Middelheimmuseum (Antwerpen),sculpture,1956,production.period.lref,21ste eeuw (eerste kwart),2012,2012,http://middelheimmuseum.be/collection/work/id/MID_B_606,https://creativecommons.org/publicdomain/zero/1.0/
,,,,,cm,,114,rubber,,beeldhouwwerk,,,,,,,https://creativecommons.org/publicdomain/zero/1.0/
,,,,,,,,steel (alloy),,,,,,,,,https://creativecommons.org/publicdomain/zero/1.0/
,,,,,,,,staal,,,,,,,,,https://creativecommons.org/publicdomain/zero/1.0/
MID.B.471.B,Fenster,Isa Genzken,1948,,cm,hoogte,395,epoxyhars,Middelheimmuseum (Antwerpen),sculpture,1948,production.period.lref,20ste eeuw (vierde kwart),1993,1993,http://middelheimmuseum.be/collection/work/id/MID_B_471_B,https://creativecommons.org/publicdomain/zero/1.0/
,,,,,cm,breedte,61,steel (alloy),,beeldhouwwerk,,,,,,,https://creativecommons.org/publicdomain/zero/1.0/
,,,,,cm,diepte,119,staal,,,,,,,,,https://creativecommons.org/publicdomain/zero/1.0/
,,,,,,,,,,,,,,,,,https://creativecommons.org/publicdomain/zero/1.0/
,Window,,,,,,,,,,,,,,,,https://creativecommons.org/publicdomain/zero/1.0/
,Fenêtre,,,,,,,,,,,,,,,,https://creativecommons.org/publicdomain/zero/1.0/
,Venster,,,,,,,,,,,,,,,,https://creativecommons.org/publicdomain/zero/1.0/
MID.B.471.A,Fenster,Isa Genzken,1948,,cm,hoogte,282,epoxyhars,Middelheimmuseum (Antwerpen),sculpture,1948,production.period.lref,20ste eeuw (vierde kwart),1993,1993,http://middelheimmuseum.be/collection/work/id/MID_B_471_A,https://creativecommons.org/publicdomain/zero/1.0/
,,,,,cm,breedte,51,steel (alloy),,beeldhouwwerk,,,,,,,https://creativecommons.org/publicdomain/zero/1.0/
,,,,,cm,diepte,89,staal,,,,,,,,,https://creativecommons.org/publicdomain/zero/1.0/
,,,,,,,,,,,,,,,,,https://creativecommons.org/publicdomain/zero/1.0/
,Window,,,,,,,,,,,,,,,,https://creativecommons.org/publicdomain/zero/1.0/
,Fenêtre,,,,,,,,,,,,,,,,https://creativecommons.org/publicdomain/zero/1.0/
,Venster,,,,,,,,,,,,,,,,https://creativecommons.org/publicdomain/zero/1.0/
MID.B.311,Forma concava convessa,Luigi Gheno,1930,,cm,hoogte,159,bronze,Middelheimmuseum (Antwerpen),rondsculptuur,1930,production.period.lref,20ste eeuw (derde kwart),1973,1973,http://middelheimmuseum.be/collection/work/id/MID_B_311,https://creativecommons.org/publicdomain/zero/1.0/
,Konkave konvexe Form,,,,cm,breedte,57,brons,,,,,,,,,https://creativecommons.org/publicdomain/zero/1.0/
,Concavo-convex form,,,,cm,diepte,56,wood,,,,,,,,,https://creativecommons.org/publicdomain/zero/1.0/
,Forme concave convexe,,,,,,,hout,,,,,,,,,https://creativecommons.org/publicdomain/zero/1.0/
,Concave convexe vorm,,,,,,,,,,,,,,,,https://creativecommons.org/publicdomain/zero/1.0/
MID.B.108,Grande Bagnante N°1,Emilio Greco,1913-10-11,1995-04-05,cm,hoogte,215,bronze,Middelheimmuseum (Antwerpen),rondsculptuur,1913-10-11,production.period.lref,20ste eeuw (derde kwart),1956,1956,http://middelheimmuseum.be/collection/work/id/MID_B_108,https://creativecommons.org/publicdomain/zero/1.0/
,Badende,,,,cm,breedte,70,brons,,,,,,,,,https://creativecommons.org/publicdomain/zero/1.0/
,Bathing woman,,,,cm,diepte,45,,,,,,,,,,https://creativecommons.org/publicdomain/zero/1.0/
,Baigneuse,,,,,,,,,,,,,,,,https://creativecommons.org/publicdomain/zero/1.0/
,Baadster (Grote Baadster I),,,,,,,,,,,,,,,,https://creativecommons.org/publicdomain/zero/1.0/
MID.B.520,Dabeisein ist alles,Kati Heck,1979,,,hoogte,350,polyester,Middelheimmuseum (Antwerpen),installatie,1979,production.period.lref,21ste eeuw (eerste kwart),2006,2006,http://middelheimmuseum.be/collection/work/id/MID_B_520,https://creativecommons.org/publicdomain/zero/1.0/
,,,,,,breedte,600,wood,,,,,,,,,https://creativecommons.org/publicdomain/zero/1.0/
,,,,,,diepte,600,hout,,,,,,,,,https://creativecommons.org/publicdomain/zero/1.0/
,,,,,,,,plastic,,,,,,,,,https://creativecommons.org/publicdomain/zero/1.0/
,,,,,,,,plastic,,,,,,,,,https://creativecommons.org/publicdomain/zero/1.0/
MID.B.128,Philippe d'Arschot,Bernhard Heiliger,1915-11-11,1995-10-25,cm,hoogte,55,bronze,Middelheimmuseum (Antwerpen),kop (figuurvoorstelling),1915-11-11,production.period.lref,20ste eeuw (derde kwart),1955,1955,http://middelheimmuseum.be/collection/work/id/MID_B_128,https://creativecommons.org/publicdomain/zero/1.0/
,,,,,cm,breedte,32,brons,,,,,,,,,https://creativecommons.org/publicdomain/zero/1.0/
,,,,,cm,diepte,30,,,,,,,,,,https://creativecommons.org/publicdomain/zero/1.0/
MID.B.147,Cantate Domino,Barbara Hepworth,1903-01-10,1975-05-20,cm,hoogte,209,bronze,Middelheimmuseum (Antwerpen),sculpture,1903-01-10,production.period.lref,20ste eeuw (derde kwart),1958,1958,http://middelheimmuseum.be/collection/work/id/MID_B_147,https://creativecommons.org/publicdomain/zero/1.0/
,,Art Bronze Foundry (Fulham),,,cm,breedte,53,brons,,beeldhouwwerk,,,,,,,https://creativecommons.org/publicdomain/zero/1.0/
,,,,,cm,diepte,51,,,,,,,,,,https://creativecommons.org/publicdomain/zero/1.0/
,,,,,cm,hoogte,86,,,,,,,,,,https://creativecommons.org/publicdomain/zero/1.0/
,,,,,cm,breedte,57,,,,,,,,,,https://creativecommons.org/publicdomain/zero/1.0/
,,,,,cm,diepte,55,,,,,,,,,,https://creativecommons.org/publicdomain/zero/1.0/
MID.B.290,Equa tria N°23,Pierre Heyvaert,1934-11-12,1974-02-04,cm,hoogte,195,aluminium,Middelheimmuseum (Antwerpen),sculpture,1934-11-12,production.period.lref,20ste eeuw (derde kwart),1971,1971,http://middelheimmuseum.be/collection/work/id/MID_B_290,https://creativecommons.org/publicdomain/zero/1.0/
,,,,,cm,breedte,290,,,beeldhouwwerk,,,,,,,https://creativecommons.org/publicdomain/zero/1.0/
,,,,,cm,diepte,128,,,,,,,,,,https://creativecommons.org/publicdomain/zero/1.0/
MID.B.252,Jeugd,Jan Alfons Keustermans,1940,,cm,hoogte,134,bronze,Middelheimmuseum (Antwerpen),rondsculptuur,1940,production.period.lref,20ste eeuw (derde kwart),1962,1962,http://middelheimmuseum.be/collection/work/id/MID_B_252,https://creativecommons.org/publicdomain/zero/1.0/
,Youth,,,,cm,breedte,40,brons,,,,,,,,,https://creativecommons.org/publicdomain/zero/1.0/
,Jeunesse,,,,cm,diepte,40,,,,,,,,,,https://creativecommons.org/publicdomain/zero/1.0/
,Jugend,,,,,,,,,,,,,,,,https://creativecommons.org/publicdomain/zero/1.0/
MID.B.416,Bali,Phillip King,1934,,cm,hoogte,184,staal (materiaal),Middelheimmuseum (Antwerpen),sculpture,1934,production.period.lref,20ste eeuw (vierde kwart),1977,1977,http://middelheimmuseum.be/collection/work/id/MID_B_416,https://creativecommons.org/publicdomain/zero/1.0/
,,,,,cm,breedte,352,paint (coating),,beeldhouwwerk,,,,,,,https://creativecommons.org/publicdomain/zero/1.0/
,,,,,cm,diepte,226,verf,,,,,,,,,https://creativecommons.org/publicdomain/zero/1.0/
MID.B.472,"Zonder titel, Antwerpen Middelheim 1993",Per Kirkeby,1938-09-01,,cm,hoogte,500,rock (inorganic material),Middelheimmuseum (Antwerpen),architecturale sculptuur,1938-09-01,production.period.lref,20ste eeuw (vierde kwart),1993,1993,http://middelheimmuseum.be/collection/work/id/MID_B_472,https://creativecommons.org/publicdomain/zero/1.0/
,,,,,cm,breedte,1500,gesteente (materiaal),,,,,,,,,https://creativecommons.org/publicdomain/zero/1.0/
,,,,,cm,diepte,900,,,,,,,,,,https://creativecommons.org/publicdomain/zero/1.0/
MID.B.473,Die Furcht verlässt ihren Gegenstand und geht über in Hass,Harald Klingelhöller,1954,,cm,hoogte,170,basalt,Middelheimmuseum (Antwerpen),environment,1954,production.period.lref,20ste eeuw (vierde kwart),1993,1993,http://middelheimmuseum.be/collection/work/id/MID_B_473,https://creativecommons.org/publicdomain/zero/1.0/
,,,,,cm,breedte,130,basalt,,,,,,,,,https://creativecommons.org/publicdomain/zero/1.0/
,,,,,cm,diepte,110,,,,,,,,,,https://creativecommons.org/publicdomain/zero/1.0/
MID.B.099,Sitzende Frau,Willy Kreitz,1903-09-21,1982-07-03,cm,hoogte,152,granite,Middelheimmuseum (Antwerpen),rondsculptuur,1903-09-21,production.period.lref,20ste eeuw (derde kwart),1955,1955,http://middelheimmuseum.be/collection/work/id/MID_B_099,https://creativecommons.org/publicdomain/zero/1.0/
,Sitting woman,,,,cm,breedte,80,graniet,,,,,,,,,https://creativecommons.org/publicdomain/zero/1.0/
,Femme assise,,,,cm,diepte,104,,,,,,,,,,https://creativecommons.org/publicdomain/zero/1.0/
,Zittende vrouw,,,,,,,,,,,,,,,,https://creativecommons.org/publicdomain/zero/1.0/
MID.B.448,Steinbuch,Wolfgang Kubach,,,cm,hoogte,60,marble,Middelheimmuseum (Antwerpen),sculpture,,production.period.lref,20ste eeuw (vierde kwart),1980,1980,http://middelheimmuseum.be/collection/work/id/MID_B_448,https://creativecommons.org/publicdomain/zero/1.0/
,Book of stone,Anna-Maria Kubach-Wilmsen,,,cm,breedte,160,marmer,,beeldhouwwerk,,,,,,,https://creativecommons.org/publicdomain/zero/1.0/
,Livre de pierre,,,,cm,diepte,120,,,,,,,,,,https://creativecommons.org/publicdomain/zero/1.0/
,Stenen boek,,,,,,,,,,,,,,,,https://creativecommons.org/publicdomain/zero/1.0/
MID.B.064,Deux Femmes Enceintes,Charles Leplae,1903-06-04,1961-09-19,cm,hoogte,220,bronze,Middelheimmuseum (Antwerpen),rondsculptuur,1903-06-04,production.period.lref,20ste eeuw (derde kwart),1952,1953,http://middelheimmuseum.be/collection/work/id/MID_B_064,https://creativecommons.org/publicdomain/zero/1.0/
,Two pregnant women,,,,cm,breedte,141,brons,,beeldengroep,,,,,,,https://creativecommons.org/publicdomain/zero/1.0/
,,,,,cm,diepte,68,,,,,,,,,,https://creativecommons.org/publicdomain/zero/1.0/
,Twee zwangere vrouwen,,,,,,,,,,,,,,,,https://creativecommons.org/publicdomain/zero/1.0/
MID.B.474,Plastik,Bernd Lohaus,1940,2010-11-05,cm,hoogte,113,wood,Middelheimmuseum (Antwerpen),constructie (beeldhouwwerk),1940,production.period.lref,20ste eeuw (vierde kwart),1993,1993,http://middelheimmuseum.be/collection/work/id/MID_B_474,https://creativecommons.org/publicdomain/zero/1.0/
,Untitled,,,,cm,lengte,1230,hout,,,,,,,,,https://creativecommons.org/publicdomain/zero/1.0/
,Sans titre,,,,cm,breedte,786,iron,,,,,,,,,https://creativecommons.org/publicdomain/zero/1.0/
,"Middelheim, 1993",,,,m,lengte,12.20,ijzer,,,,,,,,,https://creativecommons.org/publicdomain/zero/1.0/
,,,,,m,,,,,,,,,,,,https://creativecommons.org/publicdomain/zero/1.0/
,,,,,cm,breedte,40,,,,,,,,,,https://creativecommons.org/publicdomain/zero/1.0/
,,,,,m,lengte,8,,,,,,,,,,https://creativecommons.org/publicdomain/zero/1.0/
,,,,,m,,,,,,,,,,,,https://creativecommons.org/publicdomain/zero/1.0/
MID.B.053,The Deposition,Giacomo Manzù,1908-12-22,1991-01-17,cm,hoogte,149,bronze,Middelheimmuseum (Antwerpen),relief (sculpture),1908-12-22,production.period.lref,20ste eeuw (derde kwart),1950,1950,http://middelheimmuseum.be/collection/work/id/MID_B_053,https://creativecommons.org/publicdomain/zero/1.0/
,,,,,cm,breedte,131,brons,,reliëf (object),,,,,,,https://creativecommons.org/publicdomain/zero/1.0/
,La déposition,,,,cm,diepte,29,,,,,,,,,,https://creativecommons.org/publicdomain/zero/1.0/
,Graflegging,,,,,,,,,,,,,,,,https://creativecommons.org/publicdomain/zero/1.0/
MID.B.070,Miracolo,Marino Marini,1901-02-27,1980-08-06,cm,hoogte,165,bronze,Middelheimmuseum (Antwerpen),rondsculptuur,1901-02-27,production.period.lref,20ste eeuw (derde kwart),1951,1952,http://middelheimmuseum.be/collection/work/id/MID_B_070,https://creativecommons.org/publicdomain/zero/1.0/
,,,,,cm,breedte,92,brons,,,,,,,,,https://creativecommons.org/publicdomain/zero/1.0/
,,,,,cm,diepte,60,,,,,,,,,,https://creativecommons.org/publicdomain/zero/1.0/
MID.B.012,Judith,Marino Marini,1901-02-27,1980-08-06,cm,hoogte,137,bronze,Middelheimmuseum (Antwerpen),rondsculptuur,1901-02-27,production.period.lref,20ste eeuw (tweede kwart),1945,1945,http://middelheimmuseum.be/collection/work/id/MID_B_012,https://creativecommons.org/publicdomain/zero/1.0/
,,,,,cm,breedte,54,brons,,,,,,,,,https://creativecommons.org/publicdomain/zero/1.0/
,,,,,cm,diepte,66,,,,,,,,,,https://creativecommons.org/publicdomain/zero/1.0/
MID.B.056,Heroic Torso,Marcello Mascherini,1906-09-14,1983,cm,hoogte,163,bronze,Middelheimmuseum (Antwerpen),rondsculptuur,1906-09-14,production.period.lref,20ste eeuw (derde kwart),1952,1952,http://middelheimmuseum.be/collection/work/id/MID_B_056,https://creativecommons.org/publicdomain/zero/1.0/
,,,,,cm,breedte,54,brons,,,,,,,,,https://creativecommons.org/publicdomain/zero/1.0/
,Torse héroïque,,,,cm,diepte,42,,,,,,,,,,https://creativecommons.org/publicdomain/zero/1.0/
,Heroïscher torso,,,,,,,,,,,,,,,,https://creativecommons.org/publicdomain/zero/1.0/
MID.B.328,Mouvement,Marcel Mazy,1931-09-20,2014-05,cm,hoogte,30,roestvrij staal,Middelheimmuseum (Antwerpen),sculpture,1931-09-20,production.period.lref,20ste eeuw (vierde kwart),1975,1975,http://middelheimmuseum.be/collection/work/id/MID_B_328,https://creativecommons.org/publicdomain/zero/1.0/
,Movement,,,,cm,breedte,202,,,beeldhouwwerk,,,,,,,https://creativecommons.org/publicdomain/zero/1.0/
,bewegung,,,,cm,diepte,65,,,,,,,,,,https://creativecommons.org/publicdomain/zero/1.0/
,Beweging,,,,,,,,,,,,,,,,https://creativecommons.org/publicdomain/zero/1.0/
MID.LB.KM.0684,De Buildrager,Constantin Meunier,1831,1905,cm,hoogte,220,bronze,Koninklijk Museum voor Schone Kunsten (Antwerpen),standbeeld,1831,production.period.lref,19de eeuw (vierde kwart),1898,,http://middelheimmuseum.be/collection/work/id/MID_LB_KM_0684,https://creativecommons.org/publicdomain/zero/1.0/
,The docker,,,,cm,breedte,119,brons,,,,,,,,,https://creativecommons.org/publicdomain/zero/1.0/
,Le débardeur,,,,cm,diepte,90,,,,,,,,,,https://creativecommons.org/publicdomain/zero/1.0/
,De buildrager,,,,,,,,,,,,,,,,https://creativecommons.org/publicdomain/zero/1.0/
MID.B.475,Untitled,Matt Mullican,1951,,cm,hoogte,16,beton,Middelheimmuseum (Antwerpen),installatie,1951,production.period.lref,20ste eeuw (vierde kwart),1993,1993,http://middelheimmuseum.be/collection/work/id/MID_B_475,https://creativecommons.org/publicdomain/zero/1.0/
,Untitled,,,,cm,lengte,143,botanical material,,,,,,,,,https://creativecommons.org/publicdomain/zero/1.0/
,Sans titre,,,,cm,breedte,60,plantaardig materiaal,,,,,,,,,https://creativecommons.org/publicdomain/zero/1.0/
,Zonder titel,,,,cm,hoogte,23,rock (inorganic material),,,,,,,,,https://creativecommons.org/publicdomain/zero/1.0/
,,,,,cm,lengte,60,gesteente (materiaal),,,,,,,,,https://creativecommons.org/publicdomain/zero/1.0/
,,,,,cm,breedte,60,,,,,,,,,,https://creativecommons.org/publicdomain/zero/1.0/
,,,,,cm,hoogte,43,,,,,,,,,,https://creativecommons.org/publicdomain/zero/1.0/
,,,,,cm,lengte,60,,,,,,,,,,https://creativecommons.org/publicdomain/zero/1.0/
,,,,,cm,breedte,60,,,,,,,,,,https://creativecommons.org/publicdomain/zero/1.0/
,,,,,cm,hoogte,12,,,,,,,,,,https://creativecommons.org/publicdomain/zero/1.0/
,,,,,cm,lengte,250,,,,,,,,,,https://creativecommons.org/publicdomain/zero/1.0/
,,,,,cm,breedte,60,,,,,,,,,,https://creativecommons.org/publicdomain/zero/1.0/
,,,,,cm,hoogte,12,,,,,,,,,,https://creativecommons.org/publicdomain/zero/1.0/
,,,,,cm,lengte,250,,,,,,,,,,https://creativecommons.org/publicdomain/zero/1.0/
,,,,,cm,breedte,60,,,,,,,,,,https://creativecommons.org/publicdomain/zero/1.0/
,,,,,cm,hoogte,8,,,,,,,,,,https://creativecommons.org/publicdomain/zero/1.0/
,,,,,cm,lengte,81,,,,,,,,,,https://creativecommons.org/publicdomain/zero/1.0/
,,,,,cm,breedte,52,,,,,,,,,,https://creativecommons.org/publicdomain/zero/1.0/
,,,,,cm,hoogte,8,,,,,,,,,,https://creativecommons.org/publicdomain/zero/1.0/
,,,,,cm,lengte,81,,,,,,,,,,https://creativecommons.org/publicdomain/zero/1.0/
,,,,,cm,breedte,52,,,,,,,,,,https://creativecommons.org/publicdomain/zero/1.0/
,,,,,cm,hoogte,8,,,,,,,,,,https://creativecommons.org/publicdomain/zero/1.0/
,,,,,cm,lengte,110,,,,,,,,,,https://creativecommons.org/publicdomain/zero/1.0/
,,,,,cm,breedte,30,,,,,,,,,,https://creativecommons.org/publicdomain/zero/1.0/
,,,,,cm,hoogte,40,,,,,,,,,,https://creativecommons.org/publicdomain/zero/1.0/
,,,,,cm,lengte,103,,,,,,,,,,https://creativecommons.org/publicdomain/zero/1.0/
,,,,,cm,breedte,8,,,,,,,,,,https://creativecommons.org/publicdomain/zero/1.0/
,,,,,cm,hoogte,30,,,,,,,,,,https://creativecommons.org/publicdomain/zero/1.0/
,,,,,cm,lengte,970,,,,,,,,,,https://creativecommons.org/publicdomain/zero/1.0/
,,,,,cm,breedte,400,,,,,,,,,,https://creativecommons.org/publicdomain/zero/1.0/
MID.B.476.2-2,Two Figures for Middelheim,Juan Muñoz,1953-06-16,2001-08-28,cm,hoogte,130,bronze,Middelheimmuseum (Antwerpen),sculpture,1953-06-16,production.period.lref,20ste eeuw (vierde kwart),1993,1993,http://middelheimmuseum.be/collection/work/id/MID_B_476_2-2,https://creativecommons.org/publicdomain/zero/1.0/
,,"Bronces Ibericos, S.L.",,,cm,breedte,70,brons,,beeldhouwwerk,,,,,,,https://creativecommons.org/publicdomain/zero/1.0/
,Deux figures pour Middelheim,,,,cm,diepte,80,,,,,,,,,,https://creativecommons.org/publicdomain/zero/1.0/
,Eén van twee figuren voor Middelheim: rechte figuur,,,,cm,hoogte,170,,,,,,,,,,https://creativecommons.org/publicdomain/zero/1.0/
,,,,,cm,breedte,70,,,,,,,,,,https://creativecommons.org/publicdomain/zero/1.0/
,,,,,cm,diepte,70,,,,,,,,,,https://creativecommons.org/publicdomain/zero/1.0/
MID.B.476.1-2,Zwei Figuren für Middelheim,Juan Muñoz,1953-06-16,2001-08-28,cm,hoogte,130,bronze,Middelheimmuseum (Antwerpen),sculpture,1953-06-16,production.period.lref,20ste eeuw (vierde kwart),1993,1993,http://middelheimmuseum.be/collection/work/id/MID_B_476_1-2,https://creativecommons.org/publicdomain/zero/1.0/
,Two figures for Middelheim,"Bronces Ibericos, S.L.",,,cm,breedte,70,brons,,beeldhouwwerk,,,,,,,https://creativecommons.org/publicdomain/zero/1.0/
,Deux figures pour Middelheim,,,,cm,diepte,80,,,,,,,,,,https://creativecommons.org/publicdomain/zero/1.0/
,Eén van twee figuren voor Middelheim: gebogen figuur,,,,cm,hoogte,170,,,,,,,,,,https://creativecommons.org/publicdomain/zero/1.0/
,,,,,cm,breedte,70,,,,,,,,,,https://creativecommons.org/publicdomain/zero/1.0/
,,,,,cm,diepte,70,,,,,,,,,,https://creativecommons.org/publicdomain/zero/1.0/
MID.B.546,Coin Punitif,Celçuk Mutlu,,,,,,,Middelheimmuseum (Antwerpen),installatie,,,,,,http://middelheimmuseum.be/collection/work/id/MID_B_546,https://creativecommons.org/publicdomain/zero/1.0/
,,,,,,,,,,,,,,,,,https://creativecommons.org/publicdomain/zero/1.0/
MID.B.620,Diamond Shaped Room with Yellow Light 1986-1990/2018,Bruce Nauman,1941,,cm,hoogte,450,beton,Middelheimmuseum (Antwerpen),architecturale sculptuur,1941,production.period.lref,20ste eeuw (vierde kwart),1986,1990,http://middelheimmuseum.be/collection/work/id/MID_B_620,https://creativecommons.org/publicdomain/zero/1.0/
,,,,,cm,breedte,570,LED lampen,,,,,,,,,https://creativecommons.org/publicdomain/zero/1.0/
,,,,,cm,diepte,1100,elektriciteitsbekabeling,,,,,,,,,https://creativecommons.org/publicdomain/zero/1.0/
MID.B.435,Sun Disk/ Moon Shadow V,Louise Nevelson,1900,1988,cm,hoogte,255,aluminium,Middelheimmuseum (Antwerpen),sculpture,1900,production.period.lref,20ste eeuw (vierde kwart),1976,1976,http://middelheimmuseum.be/collection/work/id/MID_B_435,https://creativecommons.org/publicdomain/zero/1.0/
,,,,,cm,breedte,195,paint (coating),,beeldhouwwerk,,,,,,,https://creativecommons.org/publicdomain/zero/1.0/
,,,,,cm,diepte,230,verf,,,,,,,,,https://creativecommons.org/publicdomain/zero/1.0/
MID.B.510,Shouting is breathing in circumstances,Honoré δ'O,1961,,cm,hoogte,350,metal,Middelheimmuseum (Antwerpen),installatie,1961,production.period.lref,21ste eeuw (eerste kwart),2006,2006,http://middelheimmuseum.be/collection/work/id/MID_B_510,https://creativecommons.org/publicdomain/zero/1.0/
,,,,,cm,hoogte,250,metaal,,,,,,,,,https://creativecommons.org/publicdomain/zero/1.0/
,,,,,,,,draad,,,,,,,,,https://creativecommons.org/publicdomain/zero/1.0/
MID.B.477.A,Archaeopterix Lithografica,Panamarenko,1940-02-05,,cm,hoogte,30,mixed media,Middelheimmuseum (Antwerpen),rondsculptuur,1940-02-05,production.period.lref,20ste eeuw (vierde kwart),1993,1993,http://middelheimmuseum.be/collection/work/id/MID_B_477_A,https://creativecommons.org/publicdomain/zero/1.0/
,,,,,cm,breedte,30,gemengde media,,,,,,,,,https://creativecommons.org/publicdomain/zero/1.0/
,,,,,cm,diepte,30,wood,,,,,,,,,https://creativecommons.org/publicdomain/zero/1.0/
,,,,,cm,hoogte,39,hout,,,,,,,,,https://creativecommons.org/publicdomain/zero/1.0/
,,,,,cm,breedte,77,,,,,,,,,,https://creativecommons.org/publicdomain/zero/1.0/
,,,,,cm,diepte,72,,,,,,,,,,https://creativecommons.org/publicdomain/zero/1.0/
MID.B.477.B,Exhibition copy van de Archaeopterix Lithografica,Panamarenko,1940-02-05,,cm,hoogte,30,bakeliet,Middelheimmuseum (Antwerpen),rondsculptuur,1940-02-05,production.period.lref,21ste eeuw (eerste kwart),2001-09,2001-09,http://middelheimmuseum.be/collection/work/id/MID_B_477_B,https://creativecommons.org/publicdomain/zero/1.0/
,,"Clippeleir, Xavier De",,,cm,breedte,30,plexiglas,,exhibition copy,,,,,,,https://creativecommons.org/publicdomain/zero/1.0/
,,,,,cm,diepte,30,,,,,,,,,,https://creativecommons.org/publicdomain/zero/1.0/
MID.B.065,L'Ours Blanc,François Pompon,1855-05-09,1933-05-06,cm,hoogte,132,limestone,Middelheimmuseum (Antwerpen),rondsculptuur,1855-05-09,production.period.lref,20th century (first quarter),1920,1922,http://middelheimmuseum.be/collection/work/id/MID_B_065,https://creativecommons.org/publicdomain/zero/1.0/
,,,,,cm,breedte,64,kalksteen,,,,,20ste eeuw (eerste kwart),,,,https://creativecommons.org/publicdomain/zero/1.0/
,L'ours blanc,,,,cm,diepte,245,,,,,,,,,,https://creativecommons.org/publicdomain/zero/1.0/
,Der Eisbär,,,,,,,,,,,,,,,,https://creativecommons.org/publicdomain/zero/1.0/
,The polar bear,,,,,,,,,,,,,,,,https://creativecommons.org/publicdomain/zero/1.0/
,De ijsbeer,,,,,,,,,,,,,,,,https://creativecommons.org/publicdomain/zero/1.0/
MID.B.281,Die grosse Ammonit,Rik Poot,1924-03-20,2006-12-15,cm,hoogte,100,bronze,Middelheimmuseum (Antwerpen),rondsculptuur,1924-03-20,production.period.lref,20ste eeuw (derde kwart),1968,1969,http://middelheimmuseum.be/collection/work/id/MID_B_281,https://creativecommons.org/publicdomain/zero/1.0/
,The big Ammonite,,,,cm,breedte,200,brons,,,,,,,,,https://creativecommons.org/publicdomain/zero/1.0/
,La grande Ammonite,,,,cm,diepte,100,,,,,,,,,,https://creativecommons.org/publicdomain/zero/1.0/
,De grote Ammoniet,,,,,,,,,,,,,,,,https://creativecommons.org/publicdomain/zero/1.0/
MID.B.007,Venus Victrix,Pierre-Auguste Renoir,1841-02-25,1919-12-03,cm,hoogte,183,bronze,Middelheimmuseum (Antwerpen),rondsculptuur,1841-02-25,production.period.lref,20th century (first quarter),1914,1914,http://middelheimmuseum.be/collection/work/id/MID_B_007,https://creativecommons.org/publicdomain/zero/1.0/
,,,,,cm,breedte,107,brons,,,,,20ste eeuw (eerste kwart),,,,https://creativecommons.org/publicdomain/zero/1.0/
,,,,,cm,diepte,80,,,,,,,,,,https://creativecommons.org/publicdomain/zero/1.0/
MID.B.513,Two reclining figures on a Calder base (sculpture for Middelheim),Peter Rogiers,1967,,cm,hoogte,165,bronze,Middelheimmuseum (Antwerpen),rondsculptuur,1967,production.period.lref,21ste eeuw (eerste kwart),2006,2017,http://middelheimmuseum.be/collection/work/id/MID_B_513,https://creativecommons.org/publicdomain/zero/1.0/
,,"Van Geert, Jo",,,cm,breedte,245,brons,,,,,,,,,https://creativecommons.org/publicdomain/zero/1.0/
,,,,,cm,diepte,258,steel (alloy),,,,,,,,,https://creativecommons.org/publicdomain/zero/1.0/
,,,,,,,,staal,,,,,,,,,https://creativecommons.org/publicdomain/zero/1.0/
MID.B.288,Odyssey,Tony Rosenthal,1914,,cm,hoogte,203,aluminium,Middelheimmuseum (Antwerpen),sculpture,1914,production.period.lref,20ste eeuw (derde kwart),1968,1968,http://middelheimmuseum.be/collection/work/id/MID_B_288,https://creativecommons.org/publicdomain/zero/1.0/
,,,,,cm,breedte,271,paint (coating),,beeldhouwwerk,,,,,,,https://creativecommons.org/publicdomain/zero/1.0/
,,,,,cm,diepte,255,verf,,,,,,,,,https://creativecommons.org/publicdomain/zero/1.0/
MID.LB.BK.00475,Konstruktion,Ulrich Rückriem,1938-09-30,,cm,hoogte,110,iron,Ministerie van de Vlaamse Gemeenschap (Brussel),sculpture,1938-09-30,production.period.lref,20ste eeuw (derde kwart),1967,1967,http://middelheimmuseum.be/collection/work/id/MID_LB_BK_00475,https://creativecommons.org/publicdomain/zero/1.0/
,Construction,,,,cm,breedte,152,ijzer,,beeldhouwwerk,,,,,,,https://creativecommons.org/publicdomain/zero/1.0/
,Construction,,,,cm,diepte,84,paint (coating),,,,,,,,,https://creativecommons.org/publicdomain/zero/1.0/
,Constructie,,,,,,,verf,,,,,,,,,https://creativecommons.org/publicdomain/zero/1.0/
MID.B.478.A,Tausend Zungen,Thomas Schütte,1954-11-16,,cm,hoogte,17,ceramic (material),Middelheimmuseum (Antwerpen),environment,1954-11-16,production.period.lref,20ste eeuw (vierde kwart),1993,1993,http://middelheimmuseum.be/collection/work/id/MID_B_478_A,https://creativecommons.org/publicdomain/zero/1.0/
,Thousend tongues,,,,cm,breedte,7,keramisch materiaal,,,,,,,,,https://creativecommons.org/publicdomain/zero/1.0/
,Mille langues,,,,,,,iron,,,,,,,,,https://creativecommons.org/publicdomain/zero/1.0/
,Duizend tongen,,,,,,,ijzer,,,,,,,,,https://creativecommons.org/publicdomain/zero/1.0/
,,,,,,,,bronze,,,,,,,,,https://creativecommons.org/publicdomain/zero/1.0/
,,,,,,,,brons,,,,,,,,,https://creativecommons.org/publicdomain/zero/1.0/
MID.B.515,Model for Sculpture Zoo,Thomas Schütte,1954-11-16,,cm,hoogte,65,staal (materiaal),Middelheimmuseum (Antwerpen),rondsculptuur,1954-11-16,production.period.lref,21ste eeuw (eerste kwart),2006,2006,http://middelheimmuseum.be/collection/work/id/MID_B_515,https://creativecommons.org/publicdomain/zero/1.0/
,,,,,cm,breedte,100,glass (material),,,,,,,,,https://creativecommons.org/publicdomain/zero/1.0/
,,,,,cm,diepte,75,glas (materiaal),,,,,,,,,https://creativecommons.org/publicdomain/zero/1.0/
,,,,,cm,hoogte,190,,,,,,,,,,https://creativecommons.org/publicdomain/zero/1.0/
,,,,,cm,breedte,101,,,,,,,,,,https://creativecommons.org/publicdomain/zero/1.0/
,,,,,cm,diepte,75,,,,,,,,,,https://creativecommons.org/publicdomain/zero/1.0/
MID.B.539.A,Bidon Bleu,Roman Signer,,,cm,hoogte,2000,beton,Middelheimmuseum (Antwerpen),architecturale sculptuur,,production.period.lref,21ste eeuw (eerste kwart),2012,2012,http://middelheimmuseum.be/collection/work/id/MID_B_539_A,https://creativecommons.org/publicdomain/zero/1.0/
,,,,,cm,breedte,600,steel (alloy),,,,,,,,,https://creativecommons.org/publicdomain/zero/1.0/
,,,,,cm,diepte,3700,staal,,,,,,,,,https://creativecommons.org/publicdomain/zero/1.0/
MID.B.277.B.A,Double progression vert et blanc,Jesús Rafael Soto,1923-06-05,2005-01-19,cm,hoogte,249,iron,Middelheimmuseum (Antwerpen),sculpture,1923-06-05,production.period.lref,20ste eeuw (derde kwart),1969,1969,http://middelheimmuseum.be/collection/work/id/MID_B_277_B_A,https://creativecommons.org/publicdomain/zero/1.0/
,,,,,cm,breedte,589,ijzer,,beeldhouwwerk,,,,,,,https://creativecommons.org/publicdomain/zero/1.0/
,,,,,cm,diepte,504,paint (coating),,,,,,,,,https://creativecommons.org/publicdomain/zero/1.0/
,,,,,,,,verf,,,,,,,,,https://creativecommons.org/publicdomain/zero/1.0/
MID.LB.BK.11797,Skulptur N° 38,Émile Souply,1933,,cm,hoogte,152,staal (materiaal),Ministerie van de Vlaamse Gemeenschap (Brussel),sculpture,1933,production.period.lref,20ste eeuw (derde kwart),1969,1969,http://middelheimmuseum.be/collection/work/id/MID_LB_BK_11797,https://creativecommons.org/publicdomain/zero/1.0/
,Sculpture N° 38,,,,cm,breedte,380,,,beeldhouwwerk,,,,,,,https://creativecommons.org/publicdomain/zero/1.0/
,Sculpture N° 38,,,,cm,diepte,328,,,,,,,,,,https://creativecommons.org/publicdomain/zero/1.0/
,Sculptuur N° 38,,,,,,,,,,,,,,,,https://creativecommons.org/publicdomain/zero/1.0/
MID.B.500.A,Born of Landscape Linoleum (Antwerp project summer 1999),Jessica Stockholder,1959,,cm,breedte,840,beton,Middelheimmuseum (Antwerpen),sculpture,1959,production.period.lref,21ste eeuw (eerste kwart),2002,2002,http://middelheimmuseum.be/collection/work/id/MID_B_500_A,https://creativecommons.org/publicdomain/zero/1.0/
,,,,,cm,diepte,1270,nylon,,beeldhouwwerk,,,,,,,https://creativecommons.org/publicdomain/zero/1.0/
,,,,,,,,metal,,,,,,,,,https://creativecommons.org/publicdomain/zero/1.0/
,,,,,,,,metaal,,,,,,,,,https://creativecommons.org/publicdomain/zero/1.0/
MID.LB.BK.07146,Springbrunnen,Olivier Strebelle,1927-01-20,,cm,hoogte,120,ceramic (material),Ministerie van de Vlaamse Gemeenschap (Brussel),sculpture,1927-01-20,production.period.lref,20ste eeuw (derde kwart),1951,,http://middelheimmuseum.be/collection/work/id/MID_LB_BK_07146,https://creativecommons.org/publicdomain/zero/1.0/
,Fountain,,,,cm,breedte,185,keramisch materiaal,,beeldhouwwerk,,,,,,,https://creativecommons.org/publicdomain/zero/1.0/
,Fontaine,,,,cm,diepte,185,,,,,,,,,,https://creativecommons.org/publicdomain/zero/1.0/
,Fontein,,,,,,,,,,,,,,,,https://creativecommons.org/publicdomain/zero/1.0/
MID.B.498,"Musterhäuser, Typ ""Bomarzo"", 1979/94/2001 - Modelhäuser typ Bomarzo",Timm Ulrichs,1940-03-31,,cm,hoogte,350,beton,Middelheimmuseum (Antwerpen),constructie (beeldhouwwerk),1940-03-31,production.period.lref,21ste eeuw (eerste kwart),2001,2001,http://middelheimmuseum.be/collection/work/id/MID_B_498,https://creativecommons.org/publicdomain/zero/1.0/
,,,,,cm,breedte,300,,,,,,,,,,https://creativecommons.org/publicdomain/zero/1.0/
,,,,,cm,diepte,450,,,,,,,,,,https://creativecommons.org/publicdomain/zero/1.0/
MID.B.469,Zuilenpaviljoen,Charles Vandenhove,1927-07-03,,cm,hoogte,321,granite,Middelheimmuseum (Antwerpen),architecturale sculptuur,1927-07-03,production.period.lref,20ste eeuw (vierde kwart),1982,1992,http://middelheimmuseum.be/collection/work/id/MID_B_469,https://creativecommons.org/publicdomain/zero/1.0/
,,,,,cm,breedte,800,graniet,,,,,,,,,https://creativecommons.org/publicdomain/zero/1.0/
,,,,,cm,diepte,800,arduin,,,,,,,,,https://creativecommons.org/publicdomain/zero/1.0/
,,,,,cm,hoogte,360,,,,,,,,,,https://creativecommons.org/publicdomain/zero/1.0/
,,,,,cm,breedte,236,,,,,,,,,,https://creativecommons.org/publicdomain/zero/1.0/
,,,,,cm,diepte,58,,,,,,,,,,https://creativecommons.org/publicdomain/zero/1.0/
MID.B.270,Professeur,Imre Varga,1923-11-01,,cm,hoogte,163,bronze,Middelheimmuseum (Antwerpen),rondsculptuur,1923-11-01,production.period.lref,20ste eeuw (derde kwart),1969,1969,http://middelheimmuseum.be/collection/work/id/MID_B_270,https://creativecommons.org/publicdomain/zero/1.0/
,Professor,,,,cm,breedte,165,brons,,,,,,,,,https://creativecommons.org/publicdomain/zero/1.0/
,,,,,cm,diepte,120,,,,,,,,,,https://creativecommons.org/publicdomain/zero/1.0/
MID.B.479,Platz,Didier Vermeiren,1951,,cm,hoogte,192,sandstone,Middelheimmuseum (Antwerpen),beeldengroep,1951,production.period.lref,20ste eeuw (vierde kwart),1993,1993,http://middelheimmuseum.be/collection/work/id/MID_B_479,https://creativecommons.org/publicdomain/zero/1.0/
,Place,,,,cm,breedte,650,zandsteen,,,,,,,,,https://creativecommons.org/publicdomain/zero/1.0/
,Place,,,,cm,diepte,650,bronze,,,,,,,,,https://creativecommons.org/publicdomain/zero/1.0/
,Plaats,,,,,,,brons,,,,,,,,,https://creativecommons.org/publicdomain/zero/1.0/
,Place,,,,,,,,,,,,,,,,https://creativecommons.org/publicdomain/zero/1.0/
MID.B.486,Morgen is alles anders,Henk Visch,1950-09-18,,cm,hoogte,140,polyester,Middelheimmuseum (Antwerpen),beeldengroep,1950-09-18,production.period.lref,20ste eeuw (vierde kwart),1993,1996,http://middelheimmuseum.be/collection/work/id/MID_B_486,https://creativecommons.org/publicdomain/zero/1.0/
,,,,,cm,breedte,100,,,,,,,,,,https://creativecommons.org/publicdomain/zero/1.0/
MID.B.484,"IJZER & GOUD IN DE LUCHT
STUIFMEEL & ROOK OP DE GROND
IRON & GOLD IN THE AIR
DUST & SMOKE ON THE GROUND",Lawrence Weiner,1942-02-10,,cm,hoogte,276,LANGUAGE & THE MATERIALS REFERRED TO,Middelheimmuseum (Antwerpen),muurschildering,1942-02-10,production.period.lref,20ste eeuw (vierde kwart),1995,1995,http://middelheimmuseum.be/collection/work/id/MID_B_484,https://creativecommons.org/publicdomain/zero/1.0/
,Wind & De Wilgen,,,,,,,,,,,,,,,,https://creativecommons.org/publicdomain/zero/1.0/
MID.B.216,Der Geflügelte,Friederich Werthmann,1927-10-16,,cm,hoogte,322,roestvrij staal,Middelheimmuseum (Antwerpen),sculpture,1927-10-16,production.period.lref,20ste eeuw (derde kwart),1964,1964,http://middelheimmuseum.be/collection/work/id/MID_B_216,https://creativecommons.org/publicdomain/zero/1.0/
,Winged form,,,,cm,breedte,210,,,beeldhouwwerk,,,,,,,https://creativecommons.org/publicdomain/zero/1.0/
,L'ailé,,,,cm,diepte,274,,,,,,,,,,https://creativecommons.org/publicdomain/zero/1.0/
,De gevleugelde,,,,,,,,,,,,,,,,https://creativecommons.org/publicdomain/zero/1.0/
MID.B.493,Sphairos,Franz West,1947-02-16,2012-07-25,cm,hoogte,150,aluminium,Middelheimmuseum (Antwerpen),sculpture,1947-02-16,production.period.lref,20ste eeuw (vierde kwart),1998,1998,http://middelheimmuseum.be/collection/work/id/MID_B_493,https://creativecommons.org/publicdomain/zero/1.0/
,,,,,cm,lengte,150,laquer,,beeldhouwwerk,,,,,,,https://creativecommons.org/publicdomain/zero/1.0/
,,,,,cm,breedte,150,lak,,,,,,,,,https://creativecommons.org/publicdomain/zero/1.0/
MID.LB.001,Ein Hod,Franz West,1947-02-16,2012-07-25,cm,hoogte,450,epoxyhars,Middelheimmuseum (Antwerpen),sculpture,1947-02-16,production.period.lref,21ste eeuw (eerste kwart),2008,2008,http://middelheimmuseum.be/collection/work/id/MID_LB_001,https://creativecommons.org/publicdomain/zero/1.0/
,,,,,cm,breedte,220,plastic,,beeldhouwwerk,,,,,,,https://creativecommons.org/publicdomain/zero/1.0/
,,,,,cm,diepte,220,plastic,,,,,,,,,https://creativecommons.org/publicdomain/zero/1.0/
,,,,,,,,varnish,,,,,,,,,https://creativecommons.org/publicdomain/zero/1.0/
,,,,,,,,vernis,,,,,,,,,https://creativecommons.org/publicdomain/zero/1.0/
MID.B.114,Weiblicher Felsen,Fritz Wotruba,1907-04-23,1975-08-28,cm,hoogte,124,limestone,Middelheimmuseum (Antwerpen),sculpture,1907-04-23,production.period.lref,20ste eeuw (tweede kwart),1947,1948,http://middelheimmuseum.be/collection/work/id/MID_B_114,https://creativecommons.org/publicdomain/zero/1.0/
,Female rock,,,,cm,breedte,159,kalksteen,,beeldhouwwerk,,,,,,,https://creativecommons.org/publicdomain/zero/1.0/
,Roc féminin,,,,cm,diepte,88,,,,,,,,,,https://creativecommons.org/publicdomain/zero/1.0/
,Vrouwelijke rots,,,,,,,,,,,,,,,,https://creativecommons.org/publicdomain/zero/1.0/
MID.LB.KM.2610,Sorgen des Alltags,Rik Wouters,1882-08-21,1916-07-11,cm,hoogte,222,bronze,Koninklijk Museum voor Schone Kunsten (Antwerpen),standbeeld,1882-08-21,production.period.lref,20th century (first quarter),1913,1913,http://middelheimmuseum.be/collection/work/id/MID_LB_KM_2610,https://creativecommons.org/publicdomain/zero/1.0/
,Domestic cares,,,,cm,breedte,76,brons,,,,,20ste eeuw (eerste kwart),,,,https://creativecommons.org/publicdomain/zero/1.0/
,Soucis domestiques,,,,cm,diepte,76,,,,,,,,,,https://creativecommons.org/publicdomain/zero/1.0/
,Huiselijke zorgen,,,,,,,,,,,,,,,,https://creativecommons.org/publicdomain/zero/1.0/
MID.B.536,Misconceivable,Erwin Wurm,1954,,m,hoogte,10,plastic,Middelheimmuseum (Antwerpen),installatie,1954,production.period.lref,21ste eeuw (eerste kwart),2010,2010,http://middelheimmuseum.be/collection/work/id/MID_B_536,https://creativecommons.org/publicdomain/zero/1.0/
,,,,,m,,,plastic,,,,,,,,,https://creativecommons.org/publicdomain/zero/1.0/
,,,,,m,breedte,7.10,wood,,,,,,,,,https://creativecommons.org/publicdomain/zero/1.0/
,,,,,m,,,hout,,,,,,,,,https://creativecommons.org/publicdomain/zero/1.0/
,,,,,m,diepte,2.26,metal,,,,,,,,,https://creativecommons.org/publicdomain/zero/1.0/
,,,,,m,,,metaal,,,,,,,,,https://creativecommons.org/publicdomain/zero/1.0/
,,,,,,,,laquer,,,,,,,,,https://creativecommons.org/publicdomain/zero/1.0/
,,,,,,,,lak,,,,,,,,,https://creativecommons.org/publicdomain/zero/1.0/
MID.B.151,Orphée,Ossip Zadkine,1890-07-14,1967-11-25,cm,hoogte,299,bronze,Middelheimmuseum (Antwerpen),rondsculptuur,1890-07-14,production.period.lref,20ste eeuw (derde kwart),1956,1956,http://middelheimmuseum.be/collection/work/id/MID_B_151,https://creativecommons.org/publicdomain/zero/1.0/
,Orpheus,,,,cm,breedte,107,brons,,,,,,,,,https://creativecommons.org/publicdomain/zero/1.0/
,,,,,cm,diepte,67,,,,,,,,,,https://creativecommons.org/publicdomain/zero/1.0/
MID.LB.KA.0000,Saint Jean-Baptiste,Auguste Rodin,1840-11-12,1917-11-17,cm,hoogte,200,gypsum,Koninklijke Academie voor Schone Kunsten (Antwerpen),rondsculptuur,1840-11-12,production.period.lref,19de eeuw (vierde kwart),1878,1880,http://middelheimmuseum.be/collection/work/id/MID_LB_KA_0000,https://creativecommons.org/publicdomain/zero/1.0/
,Saint Jean prêchant dans le désert en Création de l'homme,,,,cm,breedte,55,gips,,,,,,,,,https://creativecommons.org/publicdomain/zero/1.0/
,St.-Jean Baptiste,,,,cm,diepte,98,,,,,,,,,,https://creativecommons.org/publicdomain/zero/1.0/
,Johannes de Doper,,,,cm,hoogte,226,,,,,,,,,,https://creativecommons.org/publicdomain/zero/1.0/
,,,,,cm,breedte,128,,,,,,,,,,https://creativecommons.org/publicdomain/zero/1.0/
,,,,,cm,diepte,82,,,,,,,,,,https://creativecommons.org/publicdomain/zero/1.0/
MID.LB.KA.0001,Jules Dalou,Auguste Rodin,1840-11-12,1917-11-17,cm,hoogte,53,gypsum,Koninklijke Academie voor Schone Kunsten (Antwerpen),bust,1840-11-12,production.period.lref,19de eeuw (vierde kwart),1883,,http://middelheimmuseum.be/collection/work/id/MID_LB_KA_0001,https://creativecommons.org/publicdomain/zero/1.0/
,,,,,cm,breedte,43,gips,,buste,,,,,,,https://creativecommons.org/publicdomain/zero/1.0/
,,,,,cm,diepte,24,,,,,,,,,,https://creativecommons.org/publicdomain/zero/1.0/
MID.LB.KM.2196,Balzac,Auguste Rodin,1840-11-12,1917-11-17,cm,hoogte,273,bronze,Koninklijk Museum voor Schone Kunsten (Antwerpen),standbeeld,1840-11-12,production.period.lref,19de eeuw (vierde kwart),1892,1897,http://middelheimmuseum.be/collection/work/id/MID_LB_KM_2196,https://creativecommons.org/publicdomain/zero/1.0/
,,,,,cm,breedte,120,brons,,,,,,,,,https://creativecommons.org/publicdomain/zero/1.0/
,,,,,cm,diepte,120,,,,,,,,,,https://creativecommons.org/publicdomain/zero/1.0/
,,,,,,,,,,,,,,,,,https://creativecommons.org/publicdomain/zero/1.0/
,,,,,,,,,,,,,,,,,https://creativecommons.org/publicdomain/zero/1.0/
MID.LB.KM.1965,Das bronze Zeitalter,Auguste Rodin,1840-11-12,1917-11-17,cm,hoogte,182,bronze,Koninklijk Museum voor Schone Kunsten (Antwerpen),standbeeld,1840-11-12,production.period.lref,19de eeuw (vierde kwart),1876,1880,http://middelheimmuseum.be/collection/work/id/MID_LB_KM_1965,https://creativecommons.org/publicdomain/zero/1.0/
,The bronze age,,,,cm,breedte,65,brons,,,,,,,,,https://creativecommons.org/publicdomain/zero/1.0/
,L'âge d'airain,,,,cm,diepte,59,,,,,,,,,,https://creativecommons.org/publicdomain/zero/1.0/
,Bronzen tijdperk,,,,,,,,,,,,,,,,https://creativecommons.org/publicdomain/zero/1.0/
MID.B.009,Le bélier rétif,Antoine Bourdelle,1861-10-30,1929-10-01,cm,hoogte,53,bronze,Middelheimmuseum (Antwerpen),rondsculptuur,1861-10-30,production.period.lref,20th century (first quarter),1909,1909,http://middelheimmuseum.be/collection/work/id/MID_B_009,https://creativecommons.org/publicdomain/zero/1.0/
,Widerspenstiger Widder,,,,cm,breedte,43,brons,,,,,20ste eeuw (eerste kwart),,,,https://creativecommons.org/publicdomain/zero/1.0/
,Stubborn ram,,,,cm,diepte,26,,,,,,,,,,https://creativecommons.org/publicdomain/zero/1.0/
,Bélier rétif,,,,,,,,,,,,,,,,https://creativecommons.org/publicdomain/zero/1.0/
,Weerspannige ram,,,,,,,,,,,,,,,,https://creativecommons.org/publicdomain/zero/1.0/
MID.B.027,Herakles Bogenschütze,Antoine Bourdelle,1861-10-30,1929-10-01,cm,hoogte,248,bronze,Middelheimmuseum (Antwerpen),rondsculptuur,1861-10-30,production.period.lref,20th century (first quarter),1909,1909,http://middelheimmuseum.be/collection/work/id/MID_B_027,https://creativecommons.org/publicdomain/zero/1.0/
,Heracles the archer,,,,cm,breedte,242,brons,,,,,20ste eeuw (eerste kwart),,,,https://creativecommons.org/publicdomain/zero/1.0/
,Héracles archer,,,,cm,diepte,133,,,,,,,,,,https://creativecommons.org/publicdomain/zero/1.0/
,Heracles boogschutter,,,,,,,,,,,,,,,,https://creativecommons.org/publicdomain/zero/1.0/
,,,,,,,,,,,,,,,,,https://creativecommons.org/publicdomain/zero/1.0/
,,,,,,,,,,,,,,,,,https://creativecommons.org/publicdomain/zero/1.0/
,,,,,,,,,,,,,,,,,https://creativecommons.org/publicdomain/zero/1.0/
,,,,,,,,,,,,,,,,,https://creativecommons.org/publicdomain/zero/1.0/
,,,,,,,,,,,,,,,,,https://creativecommons.org/publicdomain/zero/1.0/
MID.B.035,Dr. Koeberlé,Antoine Bourdelle,1861-10-30,1929-10-01,cm,hoogte,68,bronze,Middelheimmuseum (Antwerpen),rondsculptuur,1861-10-30,production.period.lref,20th century (first quarter),1914,1914,http://middelheimmuseum.be/collection/work/id/MID_B_035,https://creativecommons.org/publicdomain/zero/1.0/
,,,,,cm,breedte,52,brons,,bust,,,20ste eeuw (eerste kwart),,,,https://creativecommons.org/publicdomain/zero/1.0/
,,,,,cm,diepte,43,,,buste,,,,,,,https://creativecommons.org/publicdomain/zero/1.0/
